insert into NEO_ARLN25CV5SR2AB81L5FIRA5KH.CATEGORY values(10000,'Fruits',0);
insert into NEO_ARLN25CV5SR2AB81L5FIRA5KH.CATEGORY values(10001,'Vegatables',0);
insert into NEO_ARLN25CV5SR2AB81L5FIRA5KH.CATEGORY values(10002,'Grocery',0);
insert into NEO_ARLN25CV5SR2AB81L5FIRA5KH.CATEGORY values(10003,'Ready To Eat',0);
insert into NEO_ARLN25CV5SR2AB81L5FIRA5KH.CATEGORY values(10004,'Bevarages',0);
insert into NEO_ARLN25CV5SR2AB81L5FIRA5KH.CATEGORY values(10005,'Personal Care',0);
insert into NEO_ARLN25CV5SR2AB81L5FIRA5KH.CATEGORY values(10006,'House Hold',0);
insert into NEO_ARLN25CV5SR2AB81L5FIRA5KH.CATEGORY values(10007,'Dairy, Bread and Eggs',0);

insert into NEO_ARLN25CV5SR2AB81L5FIRA5KH.CATEGORY values(10009,'Bread',10007);
insert into NEO_ARLN25CV5SR2AB81L5FIRA5KH.CATEGORY values(10010,'Egg',10007);
insert into NEO_ARLN25CV5SR2AB81L5FIRA5KH.CATEGORY values(10008,'Biscults',10003);
insert into NEO_ARLN25CV5SR2AB81L5FIRA5KH.CATEGORY values(10011,'Choclates',10003);

insert into NEO_ARLN25CV5SR2AB81L5FIRA5KH.CATEGORY values(10012,'White Bread',10009);
insert into NEO_ARLN25CV5SR2AB81L5FIRA5KH.CATEGORY values(10013,'Brown Bread',10009);

insert into NEO_ARLN25CV5SR2AB81L5FIRA5KH.ITEM_CATEGORY values(10000,'Dairy Milk',10011);
insert into NEO_ARLN25CV5SR2AB81L5FIRA5KH.ITEM_CATEGORY values(10001,'Kit Kat',10011);
insert into NEO_ARLN25CV5SR2AB81L5FIRA5KH.ITEM_CATEGORY values(10002,'5 Star',10011);
insert into NEO_ARLN25CV5SR2AB81L5FIRA5KH.ITEM_CATEGORY values(10003,'Esclairs',10011);

insert into NEO_ARLN25CV5SR2AB81L5FIRA5KH.ITEM_CATEGORY values(10004,'Apples',10000);
insert into NEO_ARLN25CV5SR2AB81L5FIRA5KH.ITEM_CATEGORY values(10005,'Banana',10000);
insert into NEO_ARLN25CV5SR2AB81L5FIRA5KH.ITEM_CATEGORY values(10006,'Oranges',10000);
insert into NEO_ARLN25CV5SR2AB81L5FIRA5KH.ITEM_CATEGORY values(10007,'Pomogranites',10000);

insert into NEO_ARLN25CV5SR2AB81L5FIRA5KH.ITEM_CATEGORY values(10008,'Suguna Eggs',10010);
insert into NEO_ARLN25CV5SR2AB81L5FIRA5KH.ITEM_CATEGORY values(10009,'White Eggs',10010);
insert into NEO_ARLN25CV5SR2AB81L5FIRA5KH.ITEM_CATEGORY values(10010,'Red Eggs',10010);

insert into NEO_ARLN25CV5SR2AB81L5FIRA5KH.ITEM values(1000,'5 gm 5 rs',10000,34534,10);
insert into NEO_ARLN25CV5SR2AB81L5FIRA5KH.ITEM values(1001,'10 gm 10 rs',10000,34536,12.34);
insert into NEO_ARLN25CV5SR2AB81L5FIRA5KH.ITEM values(1002,'25 gm 50 rs',10000,34535,13.45);

insert into NEO_ARLN25CV5SR2AB81L5FIRA5KH.ITEM values(1003,'5 gm 5 rs',10001,34534,12.3);
insert into NEO_ARLN25CV5SR2AB81L5FIRA5KH.ITEM values(1004,'15 gm 15 rs',10001,34434,45.34);
insert into NEO_ARLN25CV5SR2AB81L5FIRA5KH.ITEM values(1005,'25 gm 5 rs',10001,33534,34.5);


insert into NEO_ARLN25CV5SR2AB81L5FIRA5KH.ITEM values(1006,'250 gm',10004,34534,12);
insert into NEO_ARLN25CV5SR2AB81L5FIRA5KH.ITEM values(1007,'500 gm',10004,34536,13);
insert into NEO_ARLN25CV5SR2AB81L5FIRA5KH.ITEM values(1008,'1000 gm',10004,34535,24);

insert into NEO_ARLN25CV5SR2AB81L5FIRA5KH.ITEM values(1009,'250 gm',10005,34534,23);
insert into NEO_ARLN25CV5SR2AB81L5FIRA5KH.ITEM values(1010,'500 gm',10005,34536,56);
insert into NEO_ARLN25CV5SR2AB81L5FIRA5KH.ITEM values(1011,'1000 gm',10005,34535,65);

insert into NEO_ARLN25CV5SR2AB81L5FIRA5KH.ITEM values(1012,'250 gm',10006,34534,11);
insert into NEO_ARLN25CV5SR2AB81L5FIRA5KH.ITEM values(1013,'500 gm',10006,34536,1345);
insert into NEO_ARLN25CV5SR2AB81L5FIRA5KH.ITEM values(1014,'1000 gm',10006,34535,434);

insert into NEO_ARLN25CV5SR2AB81L5FIRA5KH.ITEM values(1015,'pack of 6',10007,34534,123);
insert into NEO_ARLN25CV5SR2AB81L5FIRA5KH.ITEM values(1016,'pack of 6',10008,34536,12.45);
insert into NEO_ARLN25CV5SR2AB81L5FIRA5KH.ITEM values(1017,'pack of 6',10009,34535,999);
