insert into NEO_ARLN25CV5SR2AB81L5FIRA5KH.CATEGORY values(10000,'Fruits',0,1);
insert into NEO_ARLN25CV5SR2AB81L5FIRA5KH.CATEGORY values(10001,'Vegatables',0,1);
insert into NEO_ARLN25CV5SR2AB81L5FIRA5KH.CATEGORY values(10002,'Grocery',0,0);
insert into NEO_ARLN25CV5SR2AB81L5FIRA5KH.CATEGORY values(10003,'Ready To Eat',0,0);
insert into NEO_ARLN25CV5SR2AB81L5FIRA5KH.CATEGORY values(10004,'Bevarages',0,0);
insert into NEO_ARLN25CV5SR2AB81L5FIRA5KH.CATEGORY values(10005,'Personal Care',0,1);
insert into NEO_ARLN25CV5SR2AB81L5FIRA5KH.CATEGORY values(10006,'House Hold',0,0);
insert into NEO_ARLN25CV5SR2AB81L5FIRA5KH.CATEGORY values(10007,'Dairy, Bread and Eggs',0,1);

insert into NEO_ARLN25CV5SR2AB81L5FIRA5KH.CATEGORY values(10009,'Bread',10007,1);
insert into NEO_ARLN25CV5SR2AB81L5FIRA5KH.CATEGORY values(10010,'Egg',10007,1);
insert into NEO_ARLN25CV5SR2AB81L5FIRA5KH.CATEGORY values(10008,'Biscults',10003,1);
insert into NEO_ARLN25CV5SR2AB81L5FIRA5KH.CATEGORY values(10011,'Choclates',10003,1);

insert into NEO_ARLN25CV5SR2AB81L5FIRA5KH.CATEGORY values(10012,'White Bread',10009,1);
insert into NEO_ARLN25CV5SR2AB81L5FIRA5KH.CATEGORY values(10013,'Brown Bread',10009,1);


insert into NEO_ARLN25CV5SR2AB81L5FIRA5KH.BRAND values(10000,'Cadbaury','10000.png');

insert into NEO_ARLN25CV5SR2AB81L5FIRA5KH.ITEM_CATEGORY values(10000,'Dairy Milk',10011,10000,0);
insert into NEO_ARLN25CV5SR2AB81L5FIRA5KH.ITEM_CATEGORY values(10001,'Kit Kat',10011,Null,0);
insert into NEO_ARLN25CV5SR2AB81L5FIRA5KH.ITEM_CATEGORY values(10002,'5 Star',10011,Null,0);
insert into NEO_ARLN25CV5SR2AB81L5FIRA5KH.ITEM_CATEGORY values(10003,'Esclairs',10011,10000,0);
insert into NEO_ARLN25CV5SR2AB81L5FIRA5KH.ITEM_CATEGORY values(10011,'Dairy Milk Silk',10011,10000,0);
insert into NEO_ARLN25CV5SR2AB81L5FIRA5KH.ITEM_CATEGORY values(10012,'Dairy Milk Fruit and NUt',10011,10000,0);

insert into NEO_ARLN25CV5SR2AB81L5FIRA5KH.ITEM_CATEGORY values(10004,'Apples',10000,Null,1);
insert into NEO_ARLN25CV5SR2AB81L5FIRA5KH.ITEM_CATEGORY values(10005,'Banana',10000,NUll,1);
insert into NEO_ARLN25CV5SR2AB81L5FIRA5KH.ITEM_CATEGORY values(10006,'Oranges',10000,Null,1);
insert into NEO_ARLN25CV5SR2AB81L5FIRA5KH.ITEM_CATEGORY values(10007,'Pomogranites',10000,Null,1);

insert into NEO_ARLN25CV5SR2AB81L5FIRA5KH.ITEM_CATEGORY values(10008,'Suguna Eggs',10010,Null,1);
insert into NEO_ARLN25CV5SR2AB81L5FIRA5KH.ITEM_CATEGORY values(10009,'White Eggs',10010,Null,1);
insert into NEO_ARLN25CV5SR2AB81L5FIRA5KH.ITEM_CATEGORY values(10010,'Red Eggs',10010,Null,0);

insert into NEO_ARLN25CV5SR2AB81L5FIRA5KH.ITEM values(1000,'5 gm 5 rs',10000,34534,10,1);
insert into NEO_ARLN25CV5SR2AB81L5FIRA5KH.ITEM values(1001,'10 gm 10 rs',10000,34536,12.34,1);
insert into NEO_ARLN25CV5SR2AB81L5FIRA5KH.ITEM values(1002,'25 gm 50 rs',10000,34535,13.45,1);

insert into NEO_ARLN25CV5SR2AB81L5FIRA5KH.ITEM values(1003,'5 gm 5 rs',10001,34534,12.3,1);
insert into NEO_ARLN25CV5SR2AB81L5FIRA5KH.ITEM values(1004,'15 gm 15 rs',10001,34434,45.34,1);
insert into NEO_ARLN25CV5SR2AB81L5FIRA5KH.ITEM values(1005,'25 gm 5 rs',10001,33534,34.5,1);


insert into NEO_ARLN25CV5SR2AB81L5FIRA5KH.ITEM values(1006,'250 gm',10004,34534,12,1);
insert into NEO_ARLN25CV5SR2AB81L5FIRA5KH.ITEM values(1007,'500 gm',10004,34536,13,1);
insert into NEO_ARLN25CV5SR2AB81L5FIRA5KH.ITEM values(1008,'1000 gm',10004,34535,24,1);

insert into NEO_ARLN25CV5SR2AB81L5FIRA5KH.ITEM values(1009,'250 gm',10005,34534,23,1);
insert into NEO_ARLN25CV5SR2AB81L5FIRA5KH.ITEM values(1010,'500 gm',10005,34536,56,1);
insert into NEO_ARLN25CV5SR2AB81L5FIRA5KH.ITEM values(1011,'1000 gm',10005,34535,65,1);

insert into NEO_ARLN25CV5SR2AB81L5FIRA5KH.ITEM values(1012,'250 gm',10006,34534,11,0);
insert into NEO_ARLN25CV5SR2AB81L5FIRA5KH.ITEM values(1013,'500 gm',10006,34536,1345,0);
insert into NEO_ARLN25CV5SR2AB81L5FIRA5KH.ITEM values(1014,'1000 gm',10006,34535,434,0);

insert into NEO_ARLN25CV5SR2AB81L5FIRA5KH.ITEM values(1015,'pack of 6',10008,34534,123,0);
insert into NEO_ARLN25CV5SR2AB81L5FIRA5KH.ITEM values(1016,'pack of 6',10009,34536,12.45,0);
insert into NEO_ARLN25CV5SR2AB81L5FIRA5KH.ITEM values(1017,'pack of 6',10010,34535,999,0);


insert into NEO_ARLN25CV5SR2AB81L5FIRA5KH.ORDERS(ORDER_ID,USER_ID,USER_NAME,PAYMENT_ID,ORDER_AMOUNT,ORDER_DATE,STATUS) values (10000,10000,'Phani Krishna',null,null,current_timestamp,0);
insert into NEO_ARLN25CV5SR2AB81L5FIRA5KH.ORDERS(ORDER_ID,USER_ID,USER_NAME,PAYMENT_ID,ORDER_AMOUNT,ORDER_DATE,STATUS) values (10001,10000,'Phani Krishna',null,null,current_timestamp,1);
insert into NEO_ARLN25CV5SR2AB81L5FIRA5KH.ORDERS(ORDER_ID,USER_ID,USER_NAME,PAYMENT_ID,ORDER_AMOUNT,ORDER_DATE,STATUS) values (10002,10000,'Phani Krishna',null,null,current_timestamp,2);
insert into NEO_ARLN25CV5SR2AB81L5FIRA5KH.ORDERS(ORDER_ID,USER_ID,USER_NAME,PAYMENT_ID,ORDER_AMOUNT,ORDER_DATE,STATUS) values (10003,10000,'Phani Krishna',null,null,current_timestamp,0);
insert into NEO_ARLN25CV5SR2AB81L5FIRA5KH.ORDERS(ORDER_ID,USER_ID,USER_NAME,PAYMENT_ID,ORDER_AMOUNT,ORDER_DATE,STATUS) values (10004,10000,'Phani Krishna',null,null,current_timestamp,1);
insert into NEO_ARLN25CV5SR2AB81L5FIRA5KH.ORDERS(ORDER_ID,USER_ID,USER_NAME,PAYMENT_ID,ORDER_AMOUNT,ORDER_DATE,STATUS) values (10005,10000,'Phani Krishna',null,null,current_timestamp,2);
insert into NEO_ARLN25CV5SR2AB81L5FIRA5KH.ORDERS(ORDER_ID,USER_ID,USER_NAME,PAYMENT_ID,ORDER_AMOUNT,ORDER_DATE,STATUS) values (10006,10000,'Phani Krishna',null,null,current_timestamp,0);
insert into NEO_ARLN25CV5SR2AB81L5FIRA5KH.ORDERS(ORDER_ID,USER_ID,USER_NAME,PAYMENT_ID,ORDER_AMOUNT,ORDER_DATE,STATUS) values (10007,10000,'Phani Krishna',null,null,current_timestamp,1);
insert into NEO_ARLN25CV5SR2AB81L5FIRA5KH.ORDERS(ORDER_ID,USER_ID,USER_NAME,PAYMENT_ID,ORDER_AMOUNT,ORDER_DATE,STATUS) values (10008,10000,'Phani Krishna',null,null,current_timestamp,2);
insert into NEO_ARLN25CV5SR2AB81L5FIRA5KH.ORDERS(ORDER_ID,USER_ID,USER_NAME,PAYMENT_ID,ORDER_AMOUNT,ORDER_DATE,STATUS) values (10009,10000,'Phani Krishna',null,null,current_timestamp,0);
insert into NEO_ARLN25CV5SR2AB81L5FIRA5KH.ORDERS(ORDER_ID,USER_ID,USER_NAME,PAYMENT_ID,ORDER_AMOUNT,ORDER_DATE,STATUS) values (10010,10000,'Phani Krishna',null,null,current_timestamp,1);
insert into NEO_ARLN25CV5SR2AB81L5FIRA5KH.ORDERS(ORDER_ID,USER_ID,USER_NAME,PAYMENT_ID,ORDER_AMOUNT,ORDER_DATE,STATUS) values (10011,10000,'Phani Krishna',null,null,current_timestamp,2);


insert into NEO_ARLN25CV5SR2AB81L5FIRA5KH.ORDERDETAILS(ORDER_ID,ITEM_ID,QUANTITY) values (10000,1000,4);
insert into NEO_ARLN25CV5SR2AB81L5FIRA5KH.ORDERDETAILS(ORDER_ID,ITEM_ID,QUANTITY) values (10000,1001,1);
insert into NEO_ARLN25CV5SR2AB81L5FIRA5KH.ORDERDETAILS(ORDER_ID,ITEM_ID,QUANTITY) values (10000,1002,3);
insert into NEO_ARLN25CV5SR2AB81L5FIRA5KH.ORDERDETAILS(ORDER_ID,ITEM_ID,QUANTITY) values (10000,1003,2);
insert into NEO_ARLN25CV5SR2AB81L5FIRA5KH.ORDERDETAILS(ORDER_ID,ITEM_ID,QUANTITY) values (10000,1004,1);
insert into NEO_ARLN25CV5SR2AB81L5FIRA5KH.ORDERDETAILS(ORDER_ID,ITEM_ID,QUANTITY) values (10000,1005,2);
insert into NEO_ARLN25CV5SR2AB81L5FIRA5KH.ORDERDETAILS(ORDER_ID,ITEM_ID,QUANTITY) values (10000,1006,1);
insert into NEO_ARLN25CV5SR2AB81L5FIRA5KH.ORDERDETAILS(ORDER_ID,ITEM_ID,QUANTITY) values (10000,1007,1);
insert into NEO_ARLN25CV5SR2AB81L5FIRA5KH.ORDERDETAILS(ORDER_ID,ITEM_ID,QUANTITY) values (10000,1008,1);
insert into NEO_ARLN25CV5SR2AB81L5FIRA5KH.ORDERDETAILS(ORDER_ID,ITEM_ID,QUANTITY) values (10000,1009,1);


insert into NEO_ARLN25CV5SR2AB81L5FIRA5KH.ITEMSTOPACK(ORDER_ID,ITEM_ID,QUANTITY) values (10000,1000,4);
insert into NEO_ARLN25CV5SR2AB81L5FIRA5KH.ITEMSTOPACK(ORDER_ID,ITEM_ID,QUANTITY) values (10000,1001,1);
insert into NEO_ARLN25CV5SR2AB81L5FIRA5KH.ITEMSTOPACK(ORDER_ID,ITEM_ID,QUANTITY) values (10000,1002,3);
insert into NEO_ARLN25CV5SR2AB81L5FIRA5KH.ITEMSTOPACK(ORDER_ID,ITEM_ID,QUANTITY) values (10000,1003,2);
insert into NEO_ARLN25CV5SR2AB81L5FIRA5KH.ITEMSTOPACK(ORDER_ID,ITEM_ID,QUANTITY) values (10000,1004,1);
insert into NEO_ARLN25CV5SR2AB81L5FIRA5KH.ITEMSTOPACK(ORDER_ID,ITEM_ID,QUANTITY) values (10000,1005,2);
insert into NEO_ARLN25CV5SR2AB81L5FIRA5KH.ITEMSTOPACK(ORDER_ID,ITEM_ID,QUANTITY) values (10000,1006,1);
insert into NEO_ARLN25CV5SR2AB81L5FIRA5KH.ITEMSTOPACK(ORDER_ID,ITEM_ID,QUANTITY) values (10000,1007,1);
insert into NEO_ARLN25CV5SR2AB81L5FIRA5KH.ITEMSTOPACK(ORDER_ID,ITEM_ID,QUANTITY) values (10000,1008,1);
insert into NEO_ARLN25CV5SR2AB81L5FIRA5KH.ITEMSTOPACK(ORDER_ID,ITEM_ID,QUANTITY) values (10000,1009,1);



insert into NEO_ARLN25CV5SR2AB81L5FIRA5KH.ORDERDETAILS(ORDER_ID,ITEM_ID,QUANTITY) values (10001,1000,4);
insert into NEO_ARLN25CV5SR2AB81L5FIRA5KH.ORDERDETAILS(ORDER_ID,ITEM_ID,QUANTITY) values (10001,1001,1);
insert into NEO_ARLN25CV5SR2AB81L5FIRA5KH.ORDERDETAILS(ORDER_ID,ITEM_ID,QUANTITY) values (10001,1002,3);
insert into NEO_ARLN25CV5SR2AB81L5FIRA5KH.ORDERDETAILS(ORDER_ID,ITEM_ID,QUANTITY) values (10001,1003,2);
insert into NEO_ARLN25CV5SR2AB81L5FIRA5KH.ORDERDETAILS(ORDER_ID,ITEM_ID,QUANTITY) values (10001,1004,1);
insert into NEO_ARLN25CV5SR2AB81L5FIRA5KH.ORDERDETAILS(ORDER_ID,ITEM_ID,QUANTITY) values (10001,1005,2);
insert into NEO_ARLN25CV5SR2AB81L5FIRA5KH.ORDERDETAILS(ORDER_ID,ITEM_ID,QUANTITY) values (10001,1011,1);
insert into NEO_ARLN25CV5SR2AB81L5FIRA5KH.ORDERDETAILS(ORDER_ID,ITEM_ID,QUANTITY) values (10001,1012,1);
insert into NEO_ARLN25CV5SR2AB81L5FIRA5KH.ORDERDETAILS(ORDER_ID,ITEM_ID,QUANTITY) values (10001,1008,1);
insert into NEO_ARLN25CV5SR2AB81L5FIRA5KH.ORDERDETAILS(ORDER_ID,ITEM_ID,QUANTITY) values (10001,1009,1);

insert into NEO_ARLN25CV5SR2AB81L5FIRA5KH.ORDERDETAILS(ORDER_ID,ITEM_ID,QUANTITY) values (10002,1000,4);
insert into NEO_ARLN25CV5SR2AB81L5FIRA5KH.ORDERDETAILS(ORDER_ID,ITEM_ID,QUANTITY) values (10002,1001,1);
insert into NEO_ARLN25CV5SR2AB81L5FIRA5KH.ORDERDETAILS(ORDER_ID,ITEM_ID,QUANTITY) values (10002,1002,3);
insert into NEO_ARLN25CV5SR2AB81L5FIRA5KH.ORDERDETAILS(ORDER_ID,ITEM_ID,QUANTITY) values (10002,1003,2);
insert into NEO_ARLN25CV5SR2AB81L5FIRA5KH.ORDERDETAILS(ORDER_ID,ITEM_ID,QUANTITY) values (10002,1011,1);
insert into NEO_ARLN25CV5SR2AB81L5FIRA5KH.ORDERDETAILS(ORDER_ID,ITEM_ID,QUANTITY) values (10002,1012,1);
insert into NEO_ARLN25CV5SR2AB81L5FIRA5KH.ORDERDETAILS(ORDER_ID,ITEM_ID,QUANTITY) values (10002,1014,1);
insert into NEO_ARLN25CV5SR2AB81L5FIRA5KH.ORDERDETAILS(ORDER_ID,ITEM_ID,QUANTITY) values (10002,1017,1);

insert into NEO_ARLN25CV5SR2AB81L5FIRA5KH.ORDERDETAILS(ORDER_ID,ITEM_ID,QUANTITY) values (10003,1000,4);
insert into NEO_ARLN25CV5SR2AB81L5FIRA5KH.ORDERDETAILS(ORDER_ID,ITEM_ID,QUANTITY) values (10003,1001,1);
insert into NEO_ARLN25CV5SR2AB81L5FIRA5KH.ORDERDETAILS(ORDER_ID,ITEM_ID,QUANTITY) values (10003,1002,3);
insert into NEO_ARLN25CV5SR2AB81L5FIRA5KH.ORDERDETAILS(ORDER_ID,ITEM_ID,QUANTITY) values (10003,1003,2);
insert into NEO_ARLN25CV5SR2AB81L5FIRA5KH.ORDERDETAILS(ORDER_ID,ITEM_ID,QUANTITY) values (10003,1004,1);
insert into NEO_ARLN25CV5SR2AB81L5FIRA5KH.ORDERDETAILS(ORDER_ID,ITEM_ID,QUANTITY) values (10003,1005,2);
insert into NEO_ARLN25CV5SR2AB81L5FIRA5KH.ORDERDETAILS(ORDER_ID,ITEM_ID,QUANTITY) values (10003,1017,1);
insert into NEO_ARLN25CV5SR2AB81L5FIRA5KH.ORDERDETAILS(ORDER_ID,ITEM_ID,QUANTITY) values (10003,1016,1);
insert into NEO_ARLN25CV5SR2AB81L5FIRA5KH.ORDERDETAILS(ORDER_ID,ITEM_ID,QUANTITY) values (10003,1008,1);
insert into NEO_ARLN25CV5SR2AB81L5FIRA5KH.ORDERDETAILS(ORDER_ID,ITEM_ID,QUANTITY) values (10003,1009,1);

insert into NEO_ARLN25CV5SR2AB81L5FIRA5KH.ORDERDETAILS(ORDER_ID,ITEM_ID,QUANTITY) values (10004,1011,1);
insert into NEO_ARLN25CV5SR2AB81L5FIRA5KH.ORDERDETAILS(ORDER_ID,ITEM_ID,QUANTITY) values (10004,1012,1);
insert into NEO_ARLN25CV5SR2AB81L5FIRA5KH.ORDERDETAILS(ORDER_ID,ITEM_ID,QUANTITY) values (10004,1014,1);
insert into NEO_ARLN25CV5SR2AB81L5FIRA5KH.ORDERDETAILS(ORDER_ID,ITEM_ID,QUANTITY) values (10004,1017,1);

insert into NEO_ARLN25CV5SR2AB81L5FIRA5KH.ORDERDETAILS(ORDER_ID,ITEM_ID,QUANTITY) values (10005,1011,4);
insert into NEO_ARLN25CV5SR2AB81L5FIRA5KH.ORDERDETAILS(ORDER_ID,ITEM_ID,QUANTITY) values (10005,1012,1);
insert into NEO_ARLN25CV5SR2AB81L5FIRA5KH.ORDERDETAILS(ORDER_ID,ITEM_ID,QUANTITY) values (10005,1006,3);
insert into NEO_ARLN25CV5SR2AB81L5FIRA5KH.ORDERDETAILS(ORDER_ID,ITEM_ID,QUANTITY) values (10005,1007,2);
insert into NEO_ARLN25CV5SR2AB81L5FIRA5KH.ORDERDETAILS(ORDER_ID,ITEM_ID,QUANTITY) values (10005,1008,1);


insert into NEO_ARLN25CV5SR2AB81L5FIRA5KH.ORDERDETAILS(ORDER_ID,ITEM_ID,QUANTITY) values (10006,1000,4);
insert into NEO_ARLN25CV5SR2AB81L5FIRA5KH.ORDERDETAILS(ORDER_ID,ITEM_ID,QUANTITY) values (10006,1008,1);
insert into NEO_ARLN25CV5SR2AB81L5FIRA5KH.ORDERDETAILS(ORDER_ID,ITEM_ID,QUANTITY) values (10006,1005,3);
insert into NEO_ARLN25CV5SR2AB81L5FIRA5KH.ORDERDETAILS(ORDER_ID,ITEM_ID,QUANTITY) values (10006,1003,2);
insert into NEO_ARLN25CV5SR2AB81L5FIRA5KH.ORDERDETAILS(ORDER_ID,ITEM_ID,QUANTITY) values (10006,1011,1);
insert into NEO_ARLN25CV5SR2AB81L5FIRA5KH.ORDERDETAILS(ORDER_ID,ITEM_ID,QUANTITY) values (10006,1012,1);
insert into NEO_ARLN25CV5SR2AB81L5FIRA5KH.ORDERDETAILS(ORDER_ID,ITEM_ID,QUANTITY) values (10006,1014,1);
insert into NEO_ARLN25CV5SR2AB81L5FIRA5KH.ORDERDETAILS(ORDER_ID,ITEM_ID,QUANTITY) values (10006,1017,1);

insert into NEO_ARLN25CV5SR2AB81L5FIRA5KH.ORDERDETAILS(ORDER_ID,ITEM_ID,QUANTITY) values (10007,1003,2);
insert into NEO_ARLN25CV5SR2AB81L5FIRA5KH.ORDERDETAILS(ORDER_ID,ITEM_ID,QUANTITY) values (10007,1004,1);

insert into NEO_ARLN25CV5SR2AB81L5FIRA5KH.ORDERDETAILS(ORDER_ID,ITEM_ID,QUANTITY) values (10008,1005,2);
insert into NEO_ARLN25CV5SR2AB81L5FIRA5KH.ORDERDETAILS(ORDER_ID,ITEM_ID,QUANTITY) values (10008,1016,1);
insert into NEO_ARLN25CV5SR2AB81L5FIRA5KH.ORDERDETAILS(ORDER_ID,ITEM_ID,QUANTITY) values (10008,1007,1);
insert into NEO_ARLN25CV5SR2AB81L5FIRA5KH.ORDERDETAILS(ORDER_ID,ITEM_ID,QUANTITY) values (10008,1001,1);
insert into NEO_ARLN25CV5SR2AB81L5FIRA5KH.ORDERDETAILS(ORDER_ID,ITEM_ID,QUANTITY) values (10008,1009,1);

insert into NEO_ARLN25CV5SR2AB81L5FIRA5KH.ORDERDETAILS(ORDER_ID,ITEM_ID,QUANTITY) values (10009,1017,4);
insert into NEO_ARLN25CV5SR2AB81L5FIRA5KH.ORDERDETAILS(ORDER_ID,ITEM_ID,QUANTITY) values (10009,1016,1);
insert into NEO_ARLN25CV5SR2AB81L5FIRA5KH.ORDERDETAILS(ORDER_ID,ITEM_ID,QUANTITY) values (10009,1015,3);
insert into NEO_ARLN25CV5SR2AB81L5FIRA5KH.ORDERDETAILS(ORDER_ID,ITEM_ID,QUANTITY) values (10009,1003,2);
insert into NEO_ARLN25CV5SR2AB81L5FIRA5KH.ORDERDETAILS(ORDER_ID,ITEM_ID,QUANTITY) values (10009,1004,1);
insert into NEO_ARLN25CV5SR2AB81L5FIRA5KH.ORDERDETAILS(ORDER_ID,ITEM_ID,QUANTITY) values (10009,1005,2);
insert into NEO_ARLN25CV5SR2AB81L5FIRA5KH.ORDERDETAILS(ORDER_ID,ITEM_ID,QUANTITY) values (10009,1006,1);
insert into NEO_ARLN25CV5SR2AB81L5FIRA5KH.ORDERDETAILS(ORDER_ID,ITEM_ID,QUANTITY) values (10009,1007,1);
insert into NEO_ARLN25CV5SR2AB81L5FIRA5KH.ORDERDETAILS(ORDER_ID,ITEM_ID,QUANTITY) values (10009,1008,1);
insert into NEO_ARLN25CV5SR2AB81L5FIRA5KH.ORDERDETAILS(ORDER_ID,ITEM_ID,QUANTITY) values (10009,1009,1);

insert into NEO_ARLN25CV5SR2AB81L5FIRA5KH.ORDERDETAILS(ORDER_ID,ITEM_ID,QUANTITY) values (10010,1017,4);
insert into NEO_ARLN25CV5SR2AB81L5FIRA5KH.ORDERDETAILS(ORDER_ID,ITEM_ID,QUANTITY) values (10010,1016,1);
insert into NEO_ARLN25CV5SR2AB81L5FIRA5KH.ORDERDETAILS(ORDER_ID,ITEM_ID,QUANTITY) values (10010,1015,3);
insert into NEO_ARLN25CV5SR2AB81L5FIRA5KH.ORDERDETAILS(ORDER_ID,ITEM_ID,QUANTITY) values (10010,1003,2);
insert into NEO_ARLN25CV5SR2AB81L5FIRA5KH.ORDERDETAILS(ORDER_ID,ITEM_ID,QUANTITY) values (10010,1004,1);
insert into NEO_ARLN25CV5SR2AB81L5FIRA5KH.ORDERDETAILS(ORDER_ID,ITEM_ID,QUANTITY) values (10010,1005,2);
insert into NEO_ARLN25CV5SR2AB81L5FIRA5KH.ORDERDETAILS(ORDER_ID,ITEM_ID,QUANTITY) values (10010,1006,1);
insert into NEO_ARLN25CV5SR2AB81L5FIRA5KH.ORDERDETAILS(ORDER_ID,ITEM_ID,QUANTITY) values (10010,1007,1);
insert into NEO_ARLN25CV5SR2AB81L5FIRA5KH.ORDERDETAILS(ORDER_ID,ITEM_ID,QUANTITY) values (10010,1008,1);
insert into NEO_ARLN25CV5SR2AB81L5FIRA5KH.ORDERDETAILS(ORDER_ID,ITEM_ID,QUANTITY) values (10010,1009,1);

insert into NEO_ARLN25CV5SR2AB81L5FIRA5KH.ORDERDETAILS(ORDER_ID,ITEM_ID,QUANTITY) values (10011,1006,1);
insert into NEO_ARLN25CV5SR2AB81L5FIRA5KH.ORDERDETAILS(ORDER_ID,ITEM_ID,QUANTITY) values (10011,1001,1);
insert into NEO_ARLN25CV5SR2AB81L5FIRA5KH.ORDERDETAILS(ORDER_ID,ITEM_ID,QUANTITY) values (10011,1008,1);
insert into NEO_ARLN25CV5SR2AB81L5FIRA5KH.ORDERDETAILS(ORDER_ID,ITEM_ID,QUANTITY) values (10011,1009,1);


insert into NEO_ARLN25CV5SR2AB81L5FIRA5KH.ITEMSTOPACK(ORDER_ID,ITEM_ID,QUANTITY) values (10006,1000,4);
insert into NEO_ARLN25CV5SR2AB81L5FIRA5KH.ITEMSTOPACK(ORDER_ID,ITEM_ID,QUANTITY) values (10006,1008,1);
insert into NEO_ARLN25CV5SR2AB81L5FIRA5KH.ITEMSTOPACK(ORDER_ID,ITEM_ID,QUANTITY) values (10006,1005,3);
insert into NEO_ARLN25CV5SR2AB81L5FIRA5KH.ITEMSTOPACK(ORDER_ID,ITEM_ID,QUANTITY) values (10006,1003,2);

insert into NEO_ARLN25CV5SR2AB81L5FIRA5KH.ITEMSTOPACK(ORDER_ID,ITEM_ID,QUANTITY) values (10003,1000,4);
insert into NEO_ARLN25CV5SR2AB81L5FIRA5KH.ITEMSTOPACK(ORDER_ID,ITEM_ID,QUANTITY) values (10003,1001,1);
insert into NEO_ARLN25CV5SR2AB81L5FIRA5KH.ITEMSTOPACK(ORDER_ID,ITEM_ID,QUANTITY) values (10003,1002,3);
insert into NEO_ARLN25CV5SR2AB81L5FIRA5KH.ITEMSTOPACK(ORDER_ID,ITEM_ID,QUANTITY) values (10003,1003,2);
insert into NEO_ARLN25CV5SR2AB81L5FIRA5KH.ITEMSTOPACK(ORDER_ID,ITEM_ID,QUANTITY) values (10003,1004,1);
insert into NEO_ARLN25CV5SR2AB81L5FIRA5KH.ITEMSTOPACK(ORDER_ID,ITEM_ID,QUANTITY) values (10003,1005,2);
insert into NEO_ARLN25CV5SR2AB81L5FIRA5KH.ITEMSTOPACK(ORDER_ID,ITEM_ID,QUANTITY) values (10003,1017,1);
insert into NEO_ARLN25CV5SR2AB81L5FIRA5KH.ITEMSTOPACK(ORDER_ID,ITEM_ID,QUANTITY) values (10003,1016,1);
insert into NEO_ARLN25CV5SR2AB81L5FIRA5KH.ITEMSTOPACK(ORDER_ID,ITEM_ID,QUANTITY) values (10003,1008,1);
insert into NEO_ARLN25CV5SR2AB81L5FIRA5KH.ITEMSTOPACK(ORDER_ID,ITEM_ID,QUANTITY) values (10003,1009,1);

insert into NEO_ARLN25CV5SR2AB81L5FIRA5KH.ITEMSTOPACK(ORDER_ID,ITEM_ID,QUANTITY) values (10006,1011,1);
insert into NEO_ARLN25CV5SR2AB81L5FIRA5KH.ITEMSTOPACK(ORDER_ID,ITEM_ID,QUANTITY) values (10006,1012,1);
insert into NEO_ARLN25CV5SR2AB81L5FIRA5KH.ITEMSTOPACK(ORDER_ID,ITEM_ID,QUANTITY) values (10006,1014,1);
insert into NEO_ARLN25CV5SR2AB81L5FIRA5KH.ITEMSTOPACK(ORDER_ID,ITEM_ID,QUANTITY) values (10006,1017,1);


